Assembly Accession	Assembly Name	Organism Name	Organism Infraspecific Names Breed	Organism Infraspecific Names Strain	Organism Infraspecific Names Cultivar	Organism Infraspecific Names Ecotype	Organism Infraspecific Names Isolate	Organism Infraspecific Names Sex	Annotation Name	Assembly Stats Total Sequence Length	Assembly Level	Assembly Release Date	WGS project accession
GCA_029537415.1	ASM2953741v1	Bacillus subtilis		DSM 10					NCBI Prokaryotic Genome Annotation Pipeline (PGAP)	4299854	Complete Genome	2023-04-02	
GCF_029537415.1	ASM2953741v1	Bacillus subtilis		DSM 10					NCBI Prokaryotic Genome Annotation Pipeline (PGAP)	4299854	Complete Genome	2023-04-02	
GCA_029027845.1	ASM2902784v1	Bacillus subtilis		NCIB 3610						4295123	Complete Genome	2023-03-08	
GCF_029027845.1	ASM2902784v1	Bacillus subtilis		NCIB 3610					NCBI Prokaryotic Genome Annotation Pipeline (PGAP)	4295123	Complete Genome	2023-03-08	
GCA_032681245.1	ASM3268124v1	Bacillus subtilis subsp. subtilis str. 168		168					NCBI Prokaryotic Genome Annotation Pipeline (PGAP)	4217417	Complete Genome	2023-10-15	
GCF_032681245.1	ASM3268124v1	Bacillus subtilis subsp. subtilis str. 168		168					NCBI Prokaryotic Genome Annotation Pipeline (PGAP)	4217417	Complete Genome	2023-10-15	
GCA_024917115.1	ASM2491711v1	Bacillus subtilis subsp. subtilis str. 168		168					NCBI Prokaryotic Genome Annotation Pipeline (PGAP)	4215167	Complete Genome	2022-09-04	
GCF_024917115.1	ASM2491711v1	Bacillus subtilis subsp. subtilis str. 168		168					NCBI Prokaryotic Genome Annotation Pipeline (PGAP)	4215167	Complete Genome	2022-09-04	
GCA_026153475.1	ASM2615347v1	Bacillus subtilis		MG-1					NCBI Prokaryotic Genome Annotation Pipeline (PGAP)	4356867	Complete Genome	2022-11-13	
GCF_026153475.1	ASM2615347v1	Bacillus subtilis		MG-1					NCBI Prokaryotic Genome Annotation Pipeline (PGAP)	4356867	Complete Genome	2022-11-13	
GCA_905310975.2	NRS6085B	Bacillus subtilis					NRS6085		Annotation submitted by University of Dundee Data Analysis Group	4342529	Complete Genome	2023-02-02	
GCF_905310975.2	NRS6085B	Bacillus subtilis					NRS6085		NCBI Prokaryotic Genome Annotation Pipeline (PGAP)	4342529	Complete Genome	2023-02-02	
GCA_030053655.1	ASM3005365v1	Bacillus subtilis		KRS015						4331506	Complete Genome	2023-05-21	
GCF_030053655.1	ASM3005365v1	Bacillus subtilis		KRS015					NCBI Prokaryotic Genome Annotation Pipeline (PGAP)	4331506	Complete Genome	2023-05-21	
GCA_905311385.2	NRS6116B	Bacillus subtilis					NRS6116		Annotation submitted by University of Dundee Data Analysis Group	4371489	Complete Genome	2023-02-02	
GCF_905311385.2	NRS6116B	Bacillus subtilis					NRS6116		NCBI Prokaryotic Genome Annotation Pipeline (PGAP)	4371489	Complete Genome	2023-02-02	
GCA_027942395.1	ASM2794239v1	Bacillus subtilis		SRCM124333					NCBI Prokaryotic Genome Annotation Pipeline (PGAP)	4306106	Complete Genome	2023-01-23	
GCF_027942395.1	ASM2794239v1	Bacillus subtilis		SRCM124333					NCBI Prokaryotic Genome Annotation Pipeline (PGAP)	4306106	Complete Genome	2023-01-23	
GCA_023612315.1	ASM2361231v1	Bacillus subtilis		pb2441					NCBI Prokaryotic Genome Annotation Pipeline (PGAP)	4288724	Complete Genome	2022-05-31	
GCF_023612315.1	ASM2361231v1	Bacillus subtilis		pb2441					NCBI Prokaryotic Genome Annotation Pipeline (PGAP)	4288724	Complete Genome	2022-05-31	
GCA_032878855.1	ASM3287885v1	Bacillus subtilis		23-1					NCBI Prokaryotic Genome Annotation Pipeline (PGAP)	4445134	Complete Genome	2023-10-20	
GCF_032878855.1	ASM3287885v1	Bacillus subtilis		23-1					NCBI Prokaryotic Genome Annotation Pipeline (PGAP)	4445134	Complete Genome	2023-10-20	
GCA_029536935.1	ASM2953693v1	Bacillus subtilis		PRO112					NCBI Prokaryotic Genome Annotation Pipeline (PGAP)	4278389	Complete Genome	2023-04-02	
GCF_029536935.1	ASM2953693v1	Bacillus subtilis		PRO112					NCBI Prokaryotic Genome Annotation Pipeline (PGAP)	4278389	Complete Genome	2023-04-02	
GCA_027912355.1	ASM2791235v1	Bacillus subtilis		W7					NCBI Prokaryotic Genome Annotation Pipeline (PGAP)	4273859	Complete Genome	2023-01-18	
GCF_027912355.1	ASM2791235v1	Bacillus subtilis		W7					NCBI Prokaryotic Genome Annotation Pipeline (PGAP)	4273859	Complete Genome	2023-01-18	
GCA_025161015.1	ASM2516101v1	Bacillus subtilis		GL-4					NCBI Prokaryotic Genome Annotation Pipeline (PGAP)	4271214	Complete Genome	2022-09-13	
GCF_025161015.1	ASM2516101v1	Bacillus subtilis		GL-4					NCBI Prokaryotic Genome Annotation Pipeline (PGAP)	4271214	Complete Genome	2022-09-13	
GCA_022647025.1	ASM2264702v1	Bacillus subtilis		FX-1					NCBI Prokaryotic Genome Annotation Pipeline (PGAP)	4402437	Complete Genome	2022-03-21	
GCF_022647025.1	ASM2264702v1	Bacillus subtilis		FX-1					NCBI Prokaryotic Genome Annotation Pipeline (PGAP)	4402437	Complete Genome	2022-03-21	
GCA_905310995.2	NRS6103B	Bacillus subtilis					NRS6103		Annotation submitted by University of Dundee Data Analysis Group	4264553	Complete Genome	2023-02-02	
GCF_905310995.2	NRS6103B	Bacillus subtilis					NRS6103		NCBI Prokaryotic Genome Annotation Pipeline (PGAP)	4264553	Complete Genome	2023-02-02	
GCA_022370975.1	ASM2237097v1	Bacillus subtilis		ZW					NCBI Prokaryotic Genome Annotation Pipeline (PGAP)	4264477	Complete Genome	2022-02-23	
GCF_022370975.1	ASM2237097v1	Bacillus subtilis		ZW					NCBI Prokaryotic Genome Annotation Pipeline (PGAP)	4264477	Complete Genome	2022-02-23	
GCA_905311435.2	NRS6118B	Bacillus subtilis					NRS6118		Annotation submitted by University of Dundee Data Analysis Group	4261356	Complete Genome	2023-02-02	
GCF_905311435.2	NRS6118B	Bacillus subtilis					NRS6118		NCBI Prokaryotic Genome Annotation Pipeline (PGAP)	4261356	Complete Genome	2023-02-02	
GCA_905319155.2	NRS6183B	Bacillus subtilis					NRS6183		Annotation submitted by University of Dundee Data Analysis Group	4256610	Complete Genome	2023-02-02	
GCF_905319155.2	NRS6183B	Bacillus subtilis					NRS6183		NCBI Prokaryotic Genome Annotation Pipeline (PGAP)	4256610	Complete Genome	2023-02-02	
GCA_030028395.1	ASM3002839v1	Bacillus subtilis		SRCM117797					NCBI Prokaryotic Genome Annotation Pipeline (PGAP)	4268843	Complete Genome	2023-05-17	
GCF_030028395.1	ASM3002839v1	Bacillus subtilis		SRCM117797					NCBI Prokaryotic Genome Annotation Pipeline (PGAP)	4268843	Complete Genome	2023-05-17	
GCA_905315025.2	NRS6131B	Bacillus subtilis					NRS6131		Annotation submitted by University of Dundee Data Analysis Group	4257224	Complete Genome	2023-02-02	
GCF_905315025.2	NRS6131B	Bacillus subtilis					NRS6131		NCBI Prokaryotic Genome Annotation Pipeline (PGAP)	4257224	Complete Genome	2023-02-02	
GCA_028748025.1	ASM2874802v1	Bacillus subtilis		21855					NCBI Prokaryotic Genome Annotation Pipeline (PGAP)	4248845	Complete Genome	2023-02-21	
GCF_028748025.1	ASM2874802v1	Bacillus subtilis		21855					NCBI Prokaryotic Genome Annotation Pipeline (PGAP)	4248845	Complete Genome	2023-02-21	
GCA_021172185.1	ASM2117218v1	Bacillus subtilis		NIB353						4436683	Complete Genome	2021-12-13	
GCF_021172185.1	ASM2117218v1	Bacillus subtilis		NIB353					NCBI Prokaryotic Genome Annotation Pipeline (PGAP)	4436683	Complete Genome	2021-12-13	
GCA_024799885.1	ASM2479988v1	Bacillus subtilis		SRCM117108					NCBI Prokaryotic Genome Annotation Pipeline (PGAP)	4243381	Complete Genome	2022-08-31	
GCF_024799885.1	ASM2479988v1	Bacillus subtilis		SRCM117108					NCBI Prokaryotic Genome Annotation Pipeline (PGAP)	4243381	Complete Genome	2022-08-31	
GCA_905319135.2	NRS6186B	Bacillus subtilis					NRS6186		Annotation submitted by University of Dundee Data Analysis Group	4324000	Complete Genome	2023-02-02	
GCF_905319135.2	NRS6186B	Bacillus subtilis					NRS6186		NCBI Prokaryotic Genome Annotation Pipeline (PGAP)	4324000	Complete Genome	2023-02-02	
GCA_030123145.1	ASM3012314v1	Bacillus subtilis		KF24					NCBI Prokaryotic Genome Annotation Pipeline (PGAP)	4237328	Complete Genome	2023-05-27	
GCF_030123145.1	ASM3012314v1	Bacillus subtilis		KF24					NCBI Prokaryotic Genome Annotation Pipeline (PGAP)	4237328	Complete Genome	2023-05-27	
GCA_022453545.1	ASM2245354v1	Bacillus subtilis		YB-15					NCBI Prokaryotic Genome Annotation Pipeline (PGAP)	4233040	Complete Genome	2022-03-03	
GCF_022453545.1	ASM2245354v1	Bacillus subtilis		YB-15					NCBI Prokaryotic Genome Annotation Pipeline (PGAP)	4233040	Complete Genome	2022-03-03	
GCA_030643845.1	ASM3064384v1	Bacillus subtilis		GXD-20					NCBI Prokaryotic Genome Annotation Pipeline (PGAP)	4227198	Complete Genome	2023-08-04	
GCF_030643845.1	ASM3064384v1	Bacillus subtilis		GXD-20					NCBI Prokaryotic Genome Annotation Pipeline (PGAP)	4227198	Complete Genome	2023-08-04	
GCA_905315045.2	NRS6127B	Bacillus subtilis					NRS6127		Annotation submitted by University of Dundee Data Analysis Group	4226657	Complete Genome	2023-02-02	
GCF_905315045.2	NRS6127B	Bacillus subtilis					NRS6127		NCBI Prokaryotic Genome Annotation Pipeline (PGAP)	4226657	Complete Genome	2023-02-02	
GCA_905315715.2	NRS6160B	Bacillus subtilis					NRS6160		Annotation submitted by University of Dundee Data Analysis Group	4224542	Complete Genome	2023-02-02	
GCF_905315715.2	NRS6160B	Bacillus subtilis					NRS6160		NCBI Prokaryotic Genome Annotation Pipeline (PGAP)	4224542	Complete Genome	2023-02-02	
GCA_021398545.1	ASM2139854v1	Bacillus subtilis		Bsi					NCBI Prokaryotic Genome Annotation Pipeline (PGAP)	4220637	Complete Genome	2022-01-10	
GCF_021398545.1	ASM2139854v1	Bacillus subtilis		Bsi					NCBI Prokaryotic Genome Annotation Pipeline (PGAP)	4220637	Complete Genome	2022-01-10	
GCA_023078435.1	ASM2307843v1	Bacillus subtilis		N4					NCBI Prokaryotic Genome Annotation Pipeline (PGAP)	4218183	Complete Genome	2022-04-21	
GCF_023078435.1	ASM2307843v1	Bacillus subtilis		N4					NCBI Prokaryotic Genome Annotation Pipeline (PGAP)	4218183	Complete Genome	2022-04-21	
GCA_026410045.1	ASM2641004v1	Bacillus subtilis		O4					NCBI Prokaryotic Genome Annotation Pipeline (PGAP)	4217848	Complete Genome	2022-11-26	
GCF_026410045.1	ASM2641004v1	Bacillus subtilis		O4					NCBI Prokaryotic Genome Annotation Pipeline (PGAP)	4217848	Complete Genome	2022-11-26	
GCA_033403035.1	ASM3340303v1	Bacillus subtilis					FELIX_MS886		NCBI Prokaryotic Genome Annotation Pipeline (PGAP)	4217171	Complete Genome	2023-11-07	
GCF_033403035.1	ASM3340303v1	Bacillus subtilis					FELIX_MS886		NCBI Prokaryotic Genome Annotation Pipeline (PGAP)	4217171	Complete Genome	2023-11-07	
GCA_019704475.1	ASM1970447v1	Bacillus subtilis		BEST3145					Annotation submitted by NODAI Genome Research Center, Tokyo University of Agriculture	4217110	Complete Genome	2021-05-14	
GCF_019704475.1	ASM1970447v1	Bacillus subtilis		BEST3145					NCBI Prokaryotic Genome Annotation Pipeline (PGAP)	4217110	Complete Genome	2021-05-14	
GCA_905315705.2	NRS6153B	Bacillus subtilis					NRS6153		Annotation submitted by University of Dundee Data Analysis Group	4215744	Complete Genome	2023-02-02	
GCF_905315705.2	NRS6153B	Bacillus subtilis					NRS6153		NCBI Prokaryotic Genome Annotation Pipeline (PGAP)	4215744	Complete Genome	2023-02-02	
GCA_030053795.1	ASM3005379v1	Bacillus subtilis		GUCC48					NCBI Prokaryotic Genome Annotation Pipeline (PGAP)	4215653	Complete Genome	2023-05-21	
GCF_030053795.1	ASM3005379v1	Bacillus subtilis		GUCC48					NCBI Prokaryotic Genome Annotation Pipeline (PGAP)	4215653	Complete Genome	2023-05-21	
GCA_028870335.1	ASM2887033v1	Bacillus subtilis		YZSR384					NCBI Prokaryotic Genome Annotation Pipeline (PGAP)	4215636	Complete Genome	2023-02-27	
GCF_028870335.1	ASM2887033v1	Bacillus subtilis		YZSR384					NCBI Prokaryotic Genome Annotation Pipeline (PGAP)	4215636	Complete Genome	2023-02-27	
GCA_019931715.1	ASM1993171v1	Bacillus subtilis		FJAT-4					NCBI Prokaryotic Genome Annotation Pipeline (PGAP)	4299840	Complete Genome	2021-09-13	
GCF_019931715.1	ASM1993171v1	Bacillus subtilis		FJAT-4					NCBI Prokaryotic Genome Annotation Pipeline (PGAP)	4299840	Complete Genome	2021-09-13	
GCA_024752515.1	ASM2475251v1	Bacillus subtilis		0137					NCBI Prokaryotic Genome Annotation Pipeline (PGAP)	4215585	Complete Genome	2022-08-28	
GCF_024752515.1	ASM2475251v1	Bacillus subtilis		0137					NCBI Prokaryotic Genome Annotation Pipeline (PGAP)	4215585	Complete Genome	2022-08-28	
GCA_022700955.1	ASM2270095v1	Bacillus subtilis		N1303-2Ay						4215582	Complete Genome	2022-03-28	
GCF_022700955.1	ASM2270095v1	Bacillus subtilis		N1303-2Ay					NCBI Prokaryotic Genome Annotation Pipeline (PGAP)	4215582	Complete Genome	2022-03-28	
GCA_022700975.1	ASM2270097v1	Bacillus subtilis		N1282-4at						4215563	Complete Genome	2022-03-28	
GCF_022700975.1	ASM2270097v1	Bacillus subtilis		N1282-4at					NCBI Prokaryotic Genome Annotation Pipeline (PGAP)	4215563	Complete Genome	2022-03-28	
GCA_022700935.1	ASM2270093v1	Bacillus subtilis		N1108-5at						4215560	Complete Genome	2022-03-28	
GCF_022700935.1	ASM2270093v1	Bacillus subtilis		N1108-5at					NCBI Prokaryotic Genome Annotation Pipeline (PGAP)	4215560	Complete Genome	2022-03-28	
GCA_022700895.1	ASM2270089v1	Bacillus subtilis		N1142-3at						4215549	Complete Genome	2022-03-28	
GCF_022700895.1	ASM2270089v1	Bacillus subtilis		N1142-3at					NCBI Prokaryotic Genome Annotation Pipeline (PGAP)	4215549	Complete Genome	2022-03-28	
GCA_030643765.1	ASM3064376v1	Bacillus subtilis		JD-014					Annotation submitted by Jiangnan University	4299632	Complete Genome	2023-08-04	
GCF_030643765.1	ASM3064376v1	Bacillus subtilis		JD-014					NCBI Prokaryotic Genome Annotation Pipeline (PGAP)	4299632	Complete Genome	2023-08-04	
GCA_033392095.1	ASM3339209v1	Bacillus subtilis					FELIX_MS382		NCBI Prokaryotic Genome Annotation Pipeline (PGAP)	4214842	Complete Genome	2023-11-07	
GCF_033392095.1	ASM3339209v1	Bacillus subtilis					FELIX_MS382		NCBI Prokaryotic Genome Annotation Pipeline (PGAP)	4214842	Complete Genome	2023-11-07	
GCA_027497435.1	ASM2749743v1	Bacillus subtilis		1					NCBI Prokaryotic Genome Annotation Pipeline (PGAP)	4269301	Complete Genome	2022-12-29	
GCF_027497435.1	ASM2749743v1	Bacillus subtilis		1					NCBI Prokaryotic Genome Annotation Pipeline (PGAP)	4269301	Complete Genome	2022-12-29	
GCA_018884165.1	ASM1888416v1	Bacillus subtilis		s-16						4209504	Complete Genome	2021-06-15	
GCF_018884165.1	ASM1888416v1	Bacillus subtilis		s-16					NCBI Prokaryotic Genome Annotation Pipeline (PGAP)	4209504	Complete Genome	2021-06-15	
GCA_019704355.1	ASM1970435v1	Bacillus subtilis		BEST3096					Annotation submitted by NODAI Genome Research Center, Tokyo University of Agriculture	4207047	Complete Genome	2021-05-14	
GCF_019704355.1	ASM1970435v1	Bacillus subtilis		BEST3096					NCBI Prokaryotic Genome Annotation Pipeline (PGAP)	4207047	Complete Genome	2021-05-14	
GCA_029537075.1	ASM2953707v1	Bacillus subtilis		DSM 23521					NCBI Prokaryotic Genome Annotation Pipeline (PGAP)	4213436	Complete Genome	2023-04-02	
GCF_029537075.1	ASM2953707v1	Bacillus subtilis		DSM 23521					NCBI Prokaryotic Genome Annotation Pipeline (PGAP)	4213436	Complete Genome	2023-04-02	
GCA_032680865.1	ASM3268086v1	Bacillus subtilis		A9					NCBI Prokaryotic Genome Annotation Pipeline (PGAP)	4202507	Complete Genome	2023-10-15	
GCF_032680865.1	ASM3268086v1	Bacillus subtilis		A9					NCBI Prokaryotic Genome Annotation Pipeline (PGAP)	4202507	Complete Genome	2023-10-15	
GCA_030847885.1	ASM3084788v1	Bacillus subtilis		RLI2019					NCBI Prokaryotic Genome Annotation Pipeline (PGAP)	4195306	Complete Genome	2023-08-21	
GCF_030847885.1	ASM3084788v1	Bacillus subtilis		RLI2019					NCBI Prokaryotic Genome Annotation Pipeline (PGAP)	4195306	Complete Genome	2023-08-21	
GCA_019704375.1	ASM1970437v1	Bacillus subtilis		BEST3102					Annotation submitted by NODAI Genome Research Center, Tokyo University of Agriculture	4195012	Complete Genome	2021-05-14	
GCF_019704375.1	ASM1970437v1	Bacillus subtilis		BEST3102					NCBI Prokaryotic Genome Annotation Pipeline (PGAP)	4195012	Complete Genome	2021-05-14	
GCA_019704335.1	ASM1970433v1	Bacillus subtilis		BEST3095					Annotation submitted by NODAI Genome Research Center, Tokyo University of Agriculture	4194929	Complete Genome	2021-05-14	
GCF_019704335.1	ASM1970433v1	Bacillus subtilis		BEST3095					NCBI Prokaryotic Genome Annotation Pipeline (PGAP)	4194929	Complete Genome	2021-05-14	
GCA_019704455.1	ASM1970445v1	Bacillus subtilis		BEST3136					Annotation submitted by NODAI Genome Research Center, Tokyo University of Agriculture	4194343	Complete Genome	2021-05-14	
GCF_019704455.1	ASM1970445v1	Bacillus subtilis		BEST3136					NCBI Prokaryotic Genome Annotation Pipeline (PGAP)	4194343	Complete Genome	2021-05-14	
GCA_019704415.1	ASM1970441v1	Bacillus subtilis		BEST3109					Annotation submitted by NODAI Genome Research Center, Tokyo University of Agriculture	4192790	Complete Genome	2021-05-14	
GCF_019704415.1	ASM1970441v1	Bacillus subtilis		BEST3109					NCBI Prokaryotic Genome Annotation Pipeline (PGAP)	4192790	Complete Genome	2021-05-14	
GCA_019704395.1	ASM1970439v1	Bacillus subtilis		BEST3106					Annotation submitted by NODAI Genome Research Center, Tokyo University of Agriculture	4192623	Complete Genome	2021-05-14	
GCF_019704395.1	ASM1970439v1	Bacillus subtilis		BEST3106					NCBI Prokaryotic Genome Annotation Pipeline (PGAP)	4192623	Complete Genome	2021-05-14	
GCA_019704435.1	ASM1970443v1	Bacillus subtilis		BEST3125					Annotation submitted by NODAI Genome Research Center, Tokyo University of Agriculture	4190030	Complete Genome	2021-05-14	
GCF_019704435.1	ASM1970443v1	Bacillus subtilis		BEST3125					NCBI Prokaryotic Genome Annotation Pipeline (PGAP)	4190030	Complete Genome	2021-05-14	
GCA_905318255.2	NRS6181B	Bacillus subtilis					NRS6181		Annotation submitted by University of Dundee Data Analysis Group	4275379	Complete Genome	2023-02-02	
GCF_905318255.2	NRS6181B	Bacillus subtilis					NRS6181		NCBI Prokaryotic Genome Annotation Pipeline (PGAP)	4275379	Complete Genome	2023-02-02	
GCA_029637165.1	ASM2963716v1	Bacillus subtilis		ID-A05					NCBI Prokaryotic Genome Annotation Pipeline (PGAP)	4177304	Complete Genome	2023-04-10	
GCF_029637165.1	ASM2963716v1	Bacillus subtilis		ID-A05					NCBI Prokaryotic Genome Annotation Pipeline (PGAP)	4177304	Complete Genome	2023-04-10	
GCA_019464335.1	ASM1946433v1	Bacillus subtilis		HD15					NCBI Prokaryotic Genome Annotation Pipeline (PGAP)	4173431	Complete Genome	2021-08-09	
GCF_019464335.1	ASM1946433v1	Bacillus subtilis		HD15					NCBI Prokaryotic Genome Annotation Pipeline (PGAP)	4173431	Complete Genome	2021-08-09	
GCA_022654795.1	ASM2265479v1	Bacillus subtilis		H2					NCBI Prokaryotic Genome Annotation Pipeline (PGAP)	4160635	Complete Genome	2022-03-21	
GCF_022654795.1	ASM2265479v1	Bacillus subtilis		H2					NCBI Prokaryotic Genome Annotation Pipeline (PGAP)	4160635	Complete Genome	2022-03-21	
GCA_905315395.2	NRS6134B	Bacillus subtilis					NRS6134		Annotation submitted by University of Dundee Data Analysis Group	4250240	Complete Genome	2023-02-02	
GCF_905315395.2	NRS6134B	Bacillus subtilis					NRS6134		NCBI Prokaryotic Genome Annotation Pipeline (PGAP)	4250240	Complete Genome	2023-02-02	
GCA_017753785.1	ASM1775378v1	Bacillus subtilis		YB-04					NCBI Prokaryotic Genome Annotation Pipeline (PGAP)	4156177	Complete Genome	2021-04-05	
GCF_017753785.1	ASM1775378v1	Bacillus subtilis		YB-04					NCBI Prokaryotic Genome Annotation Pipeline (PGAP)	4156177	Complete Genome	2021-04-05	
GCA_905312035.2	NRS6120B	Bacillus subtilis					NRS6120		Annotation submitted by University of Dundee Data Analysis Group	4153151	Complete Genome	2023-02-02	
GCF_905312035.2	NRS6120B	Bacillus subtilis					NRS6120		NCBI Prokaryotic Genome Annotation Pipeline (PGAP)	4153151	Complete Genome	2023-02-02	
GCA_023521275.1	ASM2352127v1	Bacillus subtilis		PK5_68					NCBI Prokaryotic Genome Annotation Pipeline (PGAP)	4151624	Complete Genome	2022-05-23	
GCF_023521275.1	ASM2352127v1	Bacillus subtilis		PK5_68					NCBI Prokaryotic Genome Annotation Pipeline (PGAP)	4151624	Complete Genome	2022-05-23	
GCA_024802585.1	ASM2480258v1	Bacillus subtilis		SRCM115947					NCBI Prokaryotic Genome Annotation Pipeline (PGAP)	4148036	Complete Genome	2022-08-31	
GCF_024802585.1	ASM2480258v1	Bacillus subtilis		SRCM115947					NCBI Prokaryotic Genome Annotation Pipeline (PGAP)	4148036	Complete Genome	2022-08-31	
GCA_024508095.1	ASM2450809v1	Bacillus subtilis		RUB331					NCBI Prokaryotic Genome Annotation Pipeline (PGAP)	4147684	Complete Genome	2022-08-03	
GCF_024508095.1	ASM2450809v1	Bacillus subtilis		RUB331					NCBI Prokaryotic Genome Annotation Pipeline (PGAP)	4147684	Complete Genome	2022-08-03	
GCA_023521635.1	ASM2352163v1	Bacillus subtilis		PK1_2					NCBI Prokaryotic Genome Annotation Pipeline (PGAP)	4145939	Complete Genome	2022-05-23	
GCF_023521635.1	ASM2352163v1	Bacillus subtilis		PK1_2					NCBI Prokaryotic Genome Annotation Pipeline (PGAP)	4145939	Complete Genome	2022-05-23	
GCA_029537155.1	ASM2953715v1	Bacillus subtilis		DSM 1090					NCBI Prokaryotic Genome Annotation Pipeline (PGAP)	4140551	Complete Genome	2023-04-02	
GCF_029537155.1	ASM2953715v1	Bacillus subtilis		DSM 1090					NCBI Prokaryotic Genome Annotation Pipeline (PGAP)	4140551	Complete Genome	2023-04-02	
GCA_029536895.1	ASM2953689v1	Bacillus subtilis		PRO115					NCBI Prokaryotic Genome Annotation Pipeline (PGAP)	4140503	Complete Genome	2023-04-02	
GCF_029536895.1	ASM2953689v1	Bacillus subtilis		PRO115					NCBI Prokaryotic Genome Annotation Pipeline (PGAP)	4140503	Complete Genome	2023-04-02	
GCA_024800645.1	ASM2480064v1	Bacillus subtilis		SRCM117508					NCBI Prokaryotic Genome Annotation Pipeline (PGAP)	4125816	Complete Genome	2022-08-31	
GCF_024800645.1	ASM2480064v1	Bacillus subtilis		SRCM117508					NCBI Prokaryotic Genome Annotation Pipeline (PGAP)	4125816	Complete Genome	2022-08-31	
GCA_905315035.2	NRS6121B	Bacillus subtilis					NRS6121		Annotation submitted by University of Dundee Data Analysis Group	4123859	Complete Genome	2023-02-02	
GCF_905315035.2	NRS6121B	Bacillus subtilis					NRS6121		NCBI Prokaryotic Genome Annotation Pipeline (PGAP)	4123859	Complete Genome	2023-02-02	
GCA_024733955.1	ASM2473395v1	Bacillus subtilis		A-5					NCBI Prokaryotic Genome Annotation Pipeline (PGAP)	4190775	Complete Genome	2022-08-22	JALJVV01
GCF_024733955.1	ASM2473395v1	Bacillus subtilis		A-5					NCBI Prokaryotic Genome Annotation Pipeline (PGAP)	4190775	Complete Genome	2022-08-22	JALJVV01
GCA_021497525.1	ASM2149752v1	Bacillus subtilis		JNFE1126					NCBI Prokaryotic Genome Annotation Pipeline (PGAP)	4190773	Complete Genome	2022-01-18	
GCF_021497525.1	ASM2149752v1	Bacillus subtilis		JNFE1126					NCBI Prokaryotic Genome Annotation Pipeline (PGAP)	4190773	Complete Genome	2022-01-18	
GCA_033413615.1	ASM3341361v1	Bacillus subtilis		N3378-3At						4185259	Complete Genome	2023-11-07	
GCF_033413615.1	ASM3341361v1	Bacillus subtilis		N3378-3At					NCBI Prokaryotic Genome Annotation Pipeline (PGAP)	4185259	Complete Genome	2023-11-07	
GCA_024918995.1	ASM2491899v1	Bacillus subtilis		PN176 (HK176)					NCBI Prokaryotic Genome Annotation Pipeline (PGAP)	4183844	Complete Genome	2022-09-04	
GCF_024918995.1	ASM2491899v1	Bacillus subtilis		PN176 (HK176)					NCBI Prokaryotic Genome Annotation Pipeline (PGAP)	4183844	Complete Genome	2022-09-04	
GCA_030169085.1	ASM3016908v1	Bacillus subtilis		107105					NCBI Prokaryotic Genome Annotation Pipeline (PGAP)	4189350	Complete Genome	2023-06-05	
GCF_030169085.1	ASM3016908v1	Bacillus subtilis		107105					NCBI Prokaryotic Genome Annotation Pipeline (PGAP)	4189350	Complete Genome	2023-06-05	
GCA_023650935.1	ASM2365093v1	Bacillus subtilis		SPC-17-3					NCBI Prokaryotic Genome Annotation Pipeline (PGAP)	4187767	Complete Genome	2022-06-06	
GCF_023650935.1	ASM2365093v1	Bacillus subtilis		SPC-17-3					NCBI Prokaryotic Genome Annotation Pipeline (PGAP)	4187767	Complete Genome	2022-06-06	
GCA_023702515.1	ASM2370251v1	Bacillus subtilis		NB205					NCBI Prokaryotic Genome Annotation Pipeline (PGAP)	4184352	Complete Genome	2022-06-12	
GCF_023702515.1	ASM2370251v1	Bacillus subtilis		NB205					NCBI Prokaryotic Genome Annotation Pipeline (PGAP)	4184352	Complete Genome	2022-06-12	
GCA_029536775.1	ASM2953677v1	Bacillus subtilis		PRO53					NCBI Prokaryotic Genome Annotation Pipeline (PGAP)	4113758	Complete Genome	2023-04-02	
GCF_029536775.1	ASM2953677v1	Bacillus subtilis		PRO53					NCBI Prokaryotic Genome Annotation Pipeline (PGAP)	4113758	Complete Genome	2023-04-02	
GCA_025021505.1	ASM2502150v1	Bacillus subtilis		SRCM117109					NCBI Prokaryotic Genome Annotation Pipeline (PGAP)	4262664	Complete Genome	2022-09-07	
GCF_025021505.1	ASM2502150v1	Bacillus subtilis		SRCM117109					NCBI Prokaryotic Genome Annotation Pipeline (PGAP)	4262664	Complete Genome	2022-09-07	
GCA_028463925.1	ASM2846392v1	Bacillus subtilis		SRCM125727					NCBI Prokaryotic Genome Annotation Pipeline (PGAP)	4110203	Complete Genome	2023-02-05	
GCF_028463925.1	ASM2846392v1	Bacillus subtilis		SRCM125727					NCBI Prokaryotic Genome Annotation Pipeline (PGAP)	4110203	Complete Genome	2023-02-05	
GCA_021497545.1	ASM2149754v1	Bacillus subtilis		JNFE0126					NCBI Prokaryotic Genome Annotation Pipeline (PGAP)	4178076	Complete Genome	2022-01-18	
GCF_021497545.1	ASM2149754v1	Bacillus subtilis		JNFE0126					NCBI Prokaryotic Genome Annotation Pipeline (PGAP)	4178076	Complete Genome	2022-01-18	
GCA_905319565.2	NRS6190B	Bacillus subtilis					NRS6190		Annotation submitted by University of Dundee Data Analysis Group	4169161	Complete Genome	2023-02-02	
GCF_905319565.2	NRS6190B	Bacillus subtilis					NRS6190		NCBI Prokaryotic Genome Annotation Pipeline (PGAP)	4169161	Complete Genome	2023-02-02	
GCA_030438175.1	ASM3043817v1	Bacillus subtilis		SRCM126725					NCBI Prokaryotic Genome Annotation Pipeline (PGAP)	4103568	Complete Genome	2023-07-11	
GCF_030438175.1	ASM3043817v1	Bacillus subtilis		SRCM126725					NCBI Prokaryotic Genome Annotation Pipeline (PGAP)	4103568	Complete Genome	2023-07-11	
GCA_905311405.2	NRS6107B	Bacillus subtilis					NRS6107		Annotation submitted by University of Dundee Data Analysis Group	4166364	Complete Genome	2023-02-02	
GCF_905311405.2	NRS6107B	Bacillus subtilis					NRS6107		NCBI Prokaryotic Genome Annotation Pipeline (PGAP)	4166364	Complete Genome	2023-02-02	
GCA_029542145.1	ASM2954214v1	Bacillus subtilis		HY2-62					NCBI Prokaryotic Genome Annotation Pipeline (PGAP)	4100917	Complete Genome	2023-04-03	
GCF_029542145.1	ASM2954214v1	Bacillus subtilis		HY2-62					NCBI Prokaryotic Genome Annotation Pipeline (PGAP)	4100917	Complete Genome	2023-04-03	
GCA_905315015.2	NRS6132B	Bacillus subtilis					NRS6132		Annotation submitted by University of Dundee Data Analysis Group	4181988	Complete Genome	2023-02-02	
GCF_905315015.2	NRS6132B	Bacillus subtilis					NRS6132		NCBI Prokaryotic Genome Annotation Pipeline (PGAP)	4181988	Complete Genome	2023-02-02	
GCA_905319545.2	NRS6187B	Bacillus subtilis					NRS6187		Annotation submitted by University of Dundee Data Analysis Group	4096109	Complete Genome	2023-02-02	
GCF_905319545.2	NRS6187B	Bacillus subtilis					NRS6187		NCBI Prokaryotic Genome Annotation Pipeline (PGAP)	4096109	Complete Genome	2023-02-02	
GCA_905310985.2	NRS6099B	Bacillus subtilis					NRS6099		Annotation submitted by University of Dundee Data Analysis Group	4096107	Complete Genome	2023-02-02	
GCF_905310985.2	NRS6099B	Bacillus subtilis					NRS6099		NCBI Prokaryotic Genome Annotation Pipeline (PGAP)	4096107	Complete Genome	2023-02-02	
GCA_024972835.1	ASM2497283v1	Bacillus subtilis		LjM2						4094409	Complete Genome	2022-09-06	
GCF_024972835.1	ASM2497283v1	Bacillus subtilis		LjM2					NCBI Prokaryotic Genome Annotation Pipeline (PGAP)	4094409	Complete Genome	2022-09-06	
GCA_022570515.1	ASM2257051v1	Bacillus subtilis		ATC-3					NCBI Prokaryotic Genome Annotation Pipeline (PGAP)	4094338	Complete Genome	2022-03-15	
GCF_022570515.1	ASM2257051v1	Bacillus subtilis		ATC-3					NCBI Prokaryotic Genome Annotation Pipeline (PGAP)	4094338	Complete Genome	2022-03-15	
GCA_025502545.1	ASM2550254v1	Bacillus subtilis		SRCM116301					NCBI Prokaryotic Genome Annotation Pipeline (PGAP)	4175500	Complete Genome	2022-09-30	
GCF_025502545.1	ASM2550254v1	Bacillus subtilis		SRCM116301					NCBI Prokaryotic Genome Annotation Pipeline (PGAP)	4175500	Complete Genome	2022-09-30	
GCA_025502505.1	ASM2550250v1	Bacillus subtilis		SRCM116268					NCBI Prokaryotic Genome Annotation Pipeline (PGAP)	4175498	Complete Genome	2022-09-30	
GCF_025502505.1	ASM2550250v1	Bacillus subtilis		SRCM116268					NCBI Prokaryotic Genome Annotation Pipeline (PGAP)	4175498	Complete Genome	2022-09-30	
GCA_905311425.2	NRS6105B	Bacillus subtilis					NRS6105		Annotation submitted by University of Dundee Data Analysis Group	4090679	Complete Genome	2023-02-02	
GCF_905311425.2	NRS6105B	Bacillus subtilis					NRS6105		NCBI Prokaryotic Genome Annotation Pipeline (PGAP)	4090679	Complete Genome	2023-02-02	
GCA_024508175.1	ASM2450817v1	Bacillus subtilis		BGSC b98af					NCBI Prokaryotic Genome Annotation Pipeline (PGAP)	4090549	Complete Genome	2022-08-03	
GCF_024508175.1	ASM2450817v1	Bacillus subtilis		BGSC b98af					NCBI Prokaryotic Genome Annotation Pipeline (PGAP)	4090549	Complete Genome	2022-08-03	
GCA_024507895.1	ASM2450789v1	Bacillus subtilis		BGSC 10A5					NCBI Prokaryotic Genome Annotation Pipeline (PGAP)	4090548	Complete Genome	2022-08-03	
GCF_024507895.1	ASM2450789v1	Bacillus subtilis		BGSC 10A5					NCBI Prokaryotic Genome Annotation Pipeline (PGAP)	4090548	Complete Genome	2022-08-03	
GCA_030122865.1	ASM3012286v1	Bacillus subtilis		C1_13					NCBI Prokaryotic Genome Annotation Pipeline (PGAP)	4090469	Complete Genome	2023-05-27	
GCF_030122865.1	ASM3012286v1	Bacillus subtilis		C1_13					NCBI Prokaryotic Genome Annotation Pipeline (PGAP)	4090469	Complete Genome	2023-05-27	
GCA_030122885.1	ASM3012288v1	Bacillus subtilis		C1_9					NCBI Prokaryotic Genome Annotation Pipeline (PGAP)	4090469	Complete Genome	2023-05-27	
GCF_030122885.1	ASM3012288v1	Bacillus subtilis		C1_9					NCBI Prokaryotic Genome Annotation Pipeline (PGAP)	4090469	Complete Genome	2023-05-27	
GCA_020311615.1	ASM2031161v1	Bacillus subtilis					ELA2001105		Annotation submitted by Elanco Animal Health	4089676	Complete Genome	2021-10-06	
GCF_020311615.1	ASM2031161v1	Bacillus subtilis					ELA2001105		NCBI Prokaryotic Genome Annotation Pipeline (PGAP)	4089676	Complete Genome	2021-10-06	
GCA_023521175.1	ASM2352117v1	Bacillus subtilis		PK5_52					NCBI Prokaryotic Genome Annotation Pipeline (PGAP)	4088626	Complete Genome	2022-05-23	
GCF_023521175.1	ASM2352117v1	Bacillus subtilis		PK5_52					NCBI Prokaryotic Genome Annotation Pipeline (PGAP)	4088626	Complete Genome	2022-05-23	
GCA_023521595.1	ASM2352159v1	Bacillus subtilis		PK5_17					NCBI Prokaryotic Genome Annotation Pipeline (PGAP)	4086149	Complete Genome	2022-05-23	
GCF_023521595.1	ASM2352159v1	Bacillus subtilis		PK5_17					NCBI Prokaryotic Genome Annotation Pipeline (PGAP)	4086149	Complete Genome	2022-05-23	
GCA_030123085.1	ASM3012308v1	Bacillus subtilis		G2S2					NCBI Prokaryotic Genome Annotation Pipeline (PGAP)	4085814	Complete Genome	2023-05-27	
GCF_030123085.1	ASM3012308v1	Bacillus subtilis		G2S2					NCBI Prokaryotic Genome Annotation Pipeline (PGAP)	4085814	Complete Genome	2023-05-27	
GCA_905315685.2	NRS6145B	Bacillus subtilis					NRS6145		Annotation submitted by University of Dundee Data Analysis Group	4169376	Complete Genome	2023-02-02	
GCF_905315685.2	NRS6145B	Bacillus subtilis					NRS6145		NCBI Prokaryotic Genome Annotation Pipeline (PGAP)	4169376	Complete Genome	2023-02-02	
GCA_025449235.1	ASM2544923v1	Bacillus subtilis		4ZT					NCBI Prokaryotic Genome Annotation Pipeline (PGAP)	4085561	Complete Genome	2022-09-28	
GCF_025449235.1	ASM2544923v1	Bacillus subtilis		4ZT					NCBI Prokaryotic Genome Annotation Pipeline (PGAP)	4085561	Complete Genome	2022-09-28	
GCA_019599105.1	ASM1959910v1	Bacillus subtilis		YPS-32					NCBI Prokaryotic Genome Annotation Pipeline (PGAP)	4084795	Complete Genome	2021-08-15	
GCF_019599105.1	ASM1959910v1	Bacillus subtilis		YPS-32					NCBI Prokaryotic Genome Annotation Pipeline (PGAP)	4084795	Complete Genome	2021-08-15	
GCA_031326005.1	ASM3132600v1	Bacillus subtilis		CP35					NCBI Prokaryotic Genome Annotation Pipeline (PGAP)	4092273	Complete Genome	2023-09-11	
GCF_031326005.1	ASM3132600v1	Bacillus subtilis		CP35					NCBI Prokaryotic Genome Annotation Pipeline (PGAP)	4092273	Complete Genome	2023-09-11	
GCA_023520855.1	ASM2352085v1	Bacillus subtilis		PK3_9					NCBI Prokaryotic Genome Annotation Pipeline (PGAP)	4083407	Complete Genome	2022-05-23	
GCF_023520855.1	ASM2352085v1	Bacillus subtilis		PK3_9					NCBI Prokaryotic Genome Annotation Pipeline (PGAP)	4083407	Complete Genome	2022-05-23	
GCA_016894165.1	ASM1689416v1	Bacillus subtilis		BIM B-569G					NCBI Prokaryotic Genome Annotation Pipeline (PGAP)	4080024	Complete Genome	2021-02-16	
GCF_016894165.1	ASM1689416v1	Bacillus subtilis		BIM B-569G					NCBI Prokaryotic Genome Annotation Pipeline (PGAP)	4080024	Complete Genome	2021-02-16	
GCA_032598945.1	ASM3259894v1	Bacillus subtilis		6D1						4156213	Complete Genome	2023-10-12	
GCF_032598945.1	ASM3259894v1	Bacillus subtilis		6D1					NCBI Prokaryotic Genome Annotation Pipeline (PGAP)	4156213	Complete Genome	2023-10-12	
GCA_025732155.1	ASM2573215v1	Bacillus subtilis		11060					NCBI Prokaryotic Genome Annotation Pipeline (PGAP)	4071539	Complete Genome	2022-10-18	
GCF_025732155.1	ASM2573215v1	Bacillus subtilis		11060					NCBI Prokaryotic Genome Annotation Pipeline (PGAP)	4071539	Complete Genome	2022-10-18	
GCA_026639155.1	ASM2663915v1	Bacillus subtilis		K1					NCBI Prokaryotic Genome Annotation Pipeline (PGAP)	4060823	Complete Genome	2022-12-05	
GCF_026639155.1	ASM2663915v1	Bacillus subtilis		K1					NCBI Prokaryotic Genome Annotation Pipeline (PGAP)	4060823	Complete Genome	2022-12-05	
GCA_031326045.1	ASM3132604v1	Bacillus subtilis		CP38					NCBI Prokaryotic Genome Annotation Pipeline (PGAP)	4059376	Complete Genome	2023-09-11	
GCF_031326045.1	ASM3132604v1	Bacillus subtilis		CP38					NCBI Prokaryotic Genome Annotation Pipeline (PGAP)	4059376	Complete Genome	2023-09-11	
GCA_023369715.1	ASM2336971v1	Bacillus subtilis		S16						4058498	Complete Genome	2022-05-14	
GCF_023369715.1	ASM2336971v1	Bacillus subtilis		S16					NCBI Prokaryotic Genome Annotation Pipeline (PGAP)	4058498	Complete Genome	2022-05-14	
GCA_024706255.1	ASM2470625v1	Bacillus subtilis		Bs96					NCBI Prokaryotic Genome Annotation Pipeline (PGAP)	4050098	Complete Genome	2022-08-17	
GCF_024706255.1	ASM2470625v1	Bacillus subtilis		Bs96					NCBI Prokaryotic Genome Annotation Pipeline (PGAP)	4050098	Complete Genome	2022-08-17	
GCA_025914075.1	ASM2591407v1	Bacillus subtilis		XP					NCBI Prokaryotic Genome Annotation Pipeline (PGAP)	4049856	Complete Genome	2022-10-31	
GCF_025914075.1	ASM2591407v1	Bacillus subtilis		XP					NCBI Prokaryotic Genome Annotation Pipeline (PGAP)	4049856	Complete Genome	2022-10-31	
GCA_029537135.1	ASM2953713v1	Bacillus subtilis		DSM 13019					NCBI Prokaryotic Genome Annotation Pipeline (PGAP)	4044377	Complete Genome	2023-04-02	
GCF_029537135.1	ASM2953713v1	Bacillus subtilis		DSM 13019					NCBI Prokaryotic Genome Annotation Pipeline (PGAP)	4044377	Complete Genome	2023-04-02	
GCA_023521475.1	ASM2352147v1	Bacillus subtilis		PK5_16					NCBI Prokaryotic Genome Annotation Pipeline (PGAP)	4040032	Complete Genome	2022-05-23	
GCF_023521475.1	ASM2352147v1	Bacillus subtilis		PK5_16					NCBI Prokaryotic Genome Annotation Pipeline (PGAP)	4040032	Complete Genome	2022-05-23	
GCA_023702085.1	ASM2370208v1	Bacillus subtilis		N2-10					NCBI Prokaryotic Genome Annotation Pipeline (PGAP)	4036899	Complete Genome	2022-06-11	
GCF_023702085.1	ASM2370208v1	Bacillus subtilis		N2-10					NCBI Prokaryotic Genome Annotation Pipeline (PGAP)	4036899	Complete Genome	2022-06-11	
GCA_025426155.1	ASM2542615v1	Bacillus subtilis		TY-1					NCBI Prokaryotic Genome Annotation Pipeline (PGAP)	4030869	Complete Genome	2022-09-27	
GCF_025426155.1	ASM2542615v1	Bacillus subtilis		TY-1					NCBI Prokaryotic Genome Annotation Pipeline (PGAP)	4030869	Complete Genome	2022-09-27	
GCA_024220155.1	ASM2422015v1	Bacillus subtilis		MEC_B298					NCBI Prokaryotic Genome Annotation Pipeline (PGAP)	4030831	Complete Genome	2022-07-12	
GCF_024220155.1	ASM2422015v1	Bacillus subtilis		MEC_B298					NCBI Prokaryotic Genome Annotation Pipeline (PGAP)	4030831	Complete Genome	2022-07-12	
GCA_018394175.1	ASM1839417v1	Bacillus subtilis		BYS2					NCBI Prokaryotic Genome Annotation Pipeline (PGAP)	4030791	Complete Genome	2021-05-18	
GCF_018394175.1	ASM1839417v1	Bacillus subtilis		BYS2					NCBI Prokaryotic Genome Annotation Pipeline (PGAP)	4030791	Complete Genome	2021-05-18	
GCA_033113625.1	ASM3311362v1	Bacillus subtilis		J46					NCBI Prokaryotic Genome Annotation Pipeline (PGAP)	4012893	Complete Genome	2023-10-30	
GCF_033113625.1	ASM3311362v1	Bacillus subtilis		J46					NCBI Prokaryotic Genome Annotation Pipeline (PGAP)	4012893	Complete Genome	2023-10-30	
GCA_024917175.1	ASM2491717v1	Bacillus subtilis		RO-NN-1					NCBI Prokaryotic Genome Annotation Pipeline (PGAP)	4011967	Complete Genome	2022-09-04	
GCF_024917175.1	ASM2491717v1	Bacillus subtilis		RO-NN-1					NCBI Prokaryotic Genome Annotation Pipeline (PGAP)	4011967	Complete Genome	2022-09-04	
GCA_905315055.2	NRS6128B	Bacillus subtilis					NRS6128		Annotation submitted by University of Dundee Data Analysis Group	4001615	Complete Genome	2023-02-02	
GCF_905315055.2	NRS6128B	Bacillus subtilis					NRS6128		NCBI Prokaryotic Genome Annotation Pipeline (PGAP)	4001615	Complete Genome	2023-02-02	
GCA_030863625.1	ASM3086362v1	Bacillus subtilis		KC14-1					NCBI Prokaryotic Genome Annotation Pipeline (PGAP)	3908079	Complete Genome	2023-08-23	
GCF_030863625.1	ASM3086362v1	Bacillus subtilis		KC14-1					NCBI Prokaryotic Genome Annotation Pipeline (PGAP)	3908079	Complete Genome	2023-08-23	
GCA_018454405.1	ASM1845440v1	Bacillus subtilis subsp. subtilis		A1 - Midalam					NCBI Prokaryotic Genome Annotation Pipeline (PGAP)	4215114	Complete Genome	2021-05-24	
GCF_018454405.1	ASM1845440v1	Bacillus subtilis subsp. subtilis		A1 - Midalam					NCBI Prokaryotic Genome Annotation Pipeline (PGAP)	4215114	Complete Genome	2021-05-24	
GCA_024585045.1	ASM2458504v1	Bacillus subtilis subsp. subtilis		ps4100					NCBI Prokaryotic Genome Annotation Pipeline (PGAP)	4106342	Complete Genome	2022-08-08	
GCF_024585045.1	ASM2458504v1	Bacillus subtilis subsp. subtilis		ps4100					NCBI Prokaryotic Genome Annotation Pipeline (PGAP)	4106342	Complete Genome	2022-08-08	
GCA_018986855.1	ASM1898685v1	Bacillus subtilis subsp. subtilis		Miz-8					NCBI Prokaryotic Genome Annotation Pipeline (PGAP)	4111102	Complete Genome	2021-06-22	
GCF_018986855.1	ASM1898685v1	Bacillus subtilis subsp. subtilis		Miz-8					NCBI Prokaryotic Genome Annotation Pipeline (PGAP)	4111102	Complete Genome	2021-06-22	
GCA_024507835.1	ASM2450783v1	Bacillus subtilis subsp. subtilis		BGSC 10A5					NCBI Prokaryotic Genome Annotation Pipeline (PGAP)	4090549	Complete Genome	2022-08-03	
GCF_024507835.1	ASM2450783v1	Bacillus subtilis subsp. subtilis		BGSC 10A5					NCBI Prokaryotic Genome Annotation Pipeline (PGAP)	4090549	Complete Genome	2022-08-03	
GCA_029916985.1	ASM2991698v1	Bacillus subtilis subsp. subtilis		WH60A					NCBI Prokaryotic Genome Annotation Pipeline (PGAP)	4163183	Complete Genome	2023-05-02	
GCF_029916985.1	ASM2991698v1	Bacillus subtilis subsp. subtilis		WH60A					NCBI Prokaryotic Genome Annotation Pipeline (PGAP)	4163183	Complete Genome	2023-05-02	
GCA_025809235.1	ASM2580923v1	Bacillus subtilis subsp. subtilis		ps4060					NCBI Prokaryotic Genome Annotation Pipeline (PGAP)	4030808	Complete Genome	2022-10-24	
GCF_025809235.1	ASM2580923v1	Bacillus subtilis subsp. subtilis		ps4060					NCBI Prokaryotic Genome Annotation Pipeline (PGAP)	4030808	Complete Genome	2022-10-24	
GCA_028541585.1	ASM2854158v1	Bacillus subtilis subsp. subtilis		Master_strain						3981853	Complete Genome	2023-02-07	
GCF_028541585.1	ASM2854158v1	Bacillus subtilis subsp. subtilis		Master_strain					NCBI Prokaryotic Genome Annotation Pipeline (PGAP)	3981853	Complete Genome	2023-02-07	
GCA_028541565.1	ASM2854156v1	Bacillus subtilis subsp. subtilis		MGP001						3853702	Complete Genome	2023-02-07	
GCF_028541565.1	ASM2854156v1	Bacillus subtilis subsp. subtilis		MGP001					NCBI Prokaryotic Genome Annotation Pipeline (PGAP)	3853702	Complete Genome	2023-02-07	
GCA_028541545.1	ASM2854154v1	Bacillus subtilis subsp. subtilis		MGP003						3765159	Complete Genome	2023-02-07	
GCF_028541545.1	ASM2854154v1	Bacillus subtilis subsp. subtilis		MGP003					NCBI Prokaryotic Genome Annotation Pipeline (PGAP)	3765159	Complete Genome	2023-02-07	
GCA_028541425.1	ASM2854142v1	Bacillus subtilis subsp. subtilis		MGP008						3684279	Complete Genome	2023-02-07	
GCF_028541425.1	ASM2854142v1	Bacillus subtilis subsp. subtilis		MGP008					NCBI Prokaryotic Genome Annotation Pipeline (PGAP)	3684279	Complete Genome	2023-02-07	
GCA_028541405.1	ASM2854140v1	Bacillus subtilis subsp. subtilis		MGP013						3601369	Complete Genome	2023-02-07	
GCF_028541405.1	ASM2854140v1	Bacillus subtilis subsp. subtilis		MGP013					NCBI Prokaryotic Genome Annotation Pipeline (PGAP)	3601369	Complete Genome	2023-02-07	
GCA_030297075.1	ASM3029707v1	Bacillus subtilis subsp. natto		NARUSE					Annotation submitted by Department of Biotechnology and Life Sciences, Sojo University	4211563	Complete Genome	2023-05-11	
GCF_030297075.1	ASM3029707v1	Bacillus subtilis subsp. natto		NARUSE					NCBI Prokaryotic Genome Annotation Pipeline (PGAP)	4211563	Complete Genome	2023-05-11	
GCA_020773035.1	ASM2077303v1	Bacillus subtilis subsp. natto		SCP010-1					NCBI Prokaryotic Genome Annotation Pipeline (PGAP)	4125350	Complete Genome	2021-11-06	
GCF_020773035.1	ASM2077303v1	Bacillus subtilis subsp. natto		SCP010-1					NCBI Prokaryotic Genome Annotation Pipeline (PGAP)	4125350	Complete Genome	2021-11-06	
GCA_024507815.1	ASM2450781v1	Bacillus subtilis subsp. natto		Bacillus subtilis 'natto'					NCBI Prokaryotic Genome Annotation Pipeline (PGAP)	4195652	Complete Genome	2022-08-03	
GCF_024507815.1	ASM2450781v1	Bacillus subtilis subsp. natto		Bacillus subtilis 'natto'					NCBI Prokaryotic Genome Annotation Pipeline (PGAP)	4195652	Complete Genome	2022-08-03	
GCA_022701095.1	ASM2270109v1	Bacillus subtilis subsp. natto		BN0					NCBI Prokaryotic Genome Annotation Pipeline (PGAP)	4189359	Complete Genome	2022-03-28	
GCF_022701095.1	ASM2270109v1	Bacillus subtilis subsp. natto		BN0					NCBI Prokaryotic Genome Annotation Pipeline (PGAP)	4189359	Complete Genome	2022-03-28	
GCA_024508195.1	ASM2450819v1	Bacillus subtilis subsp. natto		BGSC 27E1					NCBI Prokaryotic Genome Annotation Pipeline (PGAP)	4118975	Complete Genome	2022-08-03	
GCF_024508195.1	ASM2450819v1	Bacillus subtilis subsp. natto		BGSC 27E1					NCBI Prokaryotic Genome Annotation Pipeline (PGAP)	4118975	Complete Genome	2022-08-03	
GCA_027923485.1	ASM2792348v1	Bacillus subtilis subsp. natto		G8					Annotation submitted by Department of Biology, Faculty of Science and Technology, Universitas Pelita Harapan	4017503	Complete Genome	2022-11-11	
GCF_027923485.1	ASM2792348v1	Bacillus subtilis subsp. natto		G8					NCBI Prokaryotic Genome Annotation Pipeline (PGAP)	4017503	Complete Genome	2022-11-11	
GCA_030846795.1	ASM3084679v1	Bacillus subtilis subsp. natto		BN-P15-11-1						3982436	Complete Genome	2023-08-21	
GCF_030846795.1	ASM3084679v1	Bacillus subtilis subsp. natto		BN-P15-11-1					NCBI Prokaryotic Genome Annotation Pipeline (PGAP)	3982436	Complete Genome	2023-08-21	
GCA_023521615.1	ASM2352161v1	Bacillus subtilis PY79		PK1_3					NCBI Prokaryotic Genome Annotation Pipeline (PGAP)	4145998	Complete Genome	2022-05-23	
GCF_023521615.1	ASM2352161v1	Bacillus subtilis PY79		PK1_3					NCBI Prokaryotic Genome Annotation Pipeline (PGAP)	4145998	Complete Genome	2022-05-23	
GCA_029762375.1	ASM2976237v1	Bacillus subtilis		PRO122					NCBI Prokaryotic Genome Annotation Pipeline (PGAP)	4491145	Complete Genome	2023-04-16	
GCA_029762395.1	ASM2976239v1	Bacillus subtilis		PRO118					NCBI Prokaryotic Genome Annotation Pipeline (PGAP)	4437222	Complete Genome	2023-04-16	
GCA_029536835.1	ASM2953683v1	Bacillus subtilis		PRO121					NCBI Prokaryotic Genome Annotation Pipeline (PGAP)	4399988	Complete Genome	2023-04-02	
GCA_029536975.1	ASM2953697v1	Bacillus subtilis		DSM 5611					NCBI Prokaryotic Genome Annotation Pipeline (PGAP)	4292335	Complete Genome	2023-04-02	
GCA_029536815.1	ASM2953681v1	Bacillus subtilis		PRO31					NCBI Prokaryotic Genome Annotation Pipeline (PGAP)	4272877	Complete Genome	2023-04-02	
GCA_905316385.2	NRS6167B	Bacillus subtilis					NRS6167		Annotation submitted by University of Dundee Data Analysis Group	4192866	Complete Genome	2023-02-02	
GCA_029906545.1	ASM2990654v1	Bacillus subtilis		DK01					NCBI Prokaryotic Genome Annotation Pipeline (PGAP)	4244232	Complete Genome	2023-04-30	
GCA_029536855.1	ASM2953685v1	Bacillus subtilis		PRO120					NCBI Prokaryotic Genome Annotation Pipeline (PGAP)	4191249	Complete Genome	2023-04-02	
GCA_029762275.1	ASM2976227v1	Bacillus subtilis		PRO49					NCBI Prokaryotic Genome Annotation Pipeline (PGAP)	4152667	Complete Genome	2023-04-16	
GCA_029537095.1	ASM2953709v1	Bacillus subtilis		DSM 21393					NCBI Prokaryotic Genome Annotation Pipeline (PGAP)	4100908	Complete Genome	2023-04-02	
GCA_029537055.1	ASM2953705v1	Bacillus subtilis		DSM 28096					NCBI Prokaryotic Genome Annotation Pipeline (PGAP)	4100888	Complete Genome	2023-04-02	
GCA_029762215.1	ASM2976221v1	Bacillus subtilis		PRO55					NCBI Prokaryotic Genome Annotation Pipeline (PGAP)	4093087	Complete Genome	2023-04-16	
GCA_029762135.1	ASM2976213v1	Bacillus subtilis		PRO64					NCBI Prokaryotic Genome Annotation Pipeline (PGAP)	4113761	Complete Genome	2023-04-16	
GCA_029762095.1	ASM2976209v1	Bacillus subtilis		PRO73					NCBI Prokaryotic Genome Annotation Pipeline (PGAP)	4071784	Complete Genome	2023-04-16	
GCA_029762015.1	ASM2976201v1	Bacillus subtilis		PRO93					NCBI Prokaryotic Genome Annotation Pipeline (PGAP)	4069018	Complete Genome	2023-04-16	
GCA_029536755.1	ASM2953675v1	Bacillus subtilis		PRO56					NCBI Prokaryotic Genome Annotation Pipeline (PGAP)	4067763	Complete Genome	2023-04-02	
GCA_029762155.1	ASM2976215v1	Bacillus subtilis		PRO61					NCBI Prokaryotic Genome Annotation Pipeline (PGAP)	4022800	Complete Genome	2023-04-16	
GCA_029762035.1	ASM2976203v1	Bacillus subtilis		PRO84					NCBI Prokaryotic Genome Annotation Pipeline (PGAP)	4036830	Complete Genome	2023-04-16	
GCA_029762115.1	ASM2976211v1	Bacillus subtilis		PRO72					NCBI Prokaryotic Genome Annotation Pipeline (PGAP)	4018574	Complete Genome	2023-04-16	
GCA_029762075.1	ASM2976207v1	Bacillus subtilis		PRO74					NCBI Prokaryotic Genome Annotation Pipeline (PGAP)	3992824	Complete Genome	2023-04-16	
GCA_029762295.1	ASM2976229v1	Bacillus subtilis		PRO45					NCBI Prokaryotic Genome Annotation Pipeline (PGAP)	3977552	Complete Genome	2023-04-16	
GCA_029762175.1	ASM2976217v1	Bacillus subtilis		PRO59					NCBI Prokaryotic Genome Annotation Pipeline (PGAP)	3954867	Complete Genome	2023-04-16	
GCA_029762195.1	ASM2976219v1	Bacillus subtilis		PRO58					NCBI Prokaryotic Genome Annotation Pipeline (PGAP)	3976099	Complete Genome	2023-04-16	
GCA_029762355.1	ASM2976235v1	Bacillus subtilis		PRO134					NCBI Prokaryotic Genome Annotation Pipeline (PGAP)	3970985	Complete Genome	2023-04-16	
GCA_029761975.1	ASM2976197v1	Bacillus subtilis		PRO99					NCBI Prokaryotic Genome Annotation Pipeline (PGAP)	3963991	Complete Genome	2023-04-16	
GCA_029536795.1	ASM2953679v1	Bacillus subtilis		PRO35					NCBI Prokaryotic Genome Annotation Pipeline (PGAP)	4032381	Complete Genome	2023-04-02	
GCA_029762255.1	ASM2976225v1	Bacillus subtilis		PRO51					NCBI Prokaryotic Genome Annotation Pipeline (PGAP)	3974614	Complete Genome	2023-04-16	
GCA_029762235.1	ASM2976223v1	Bacillus subtilis		PRO52					NCBI Prokaryotic Genome Annotation Pipeline (PGAP)	3967059	Complete Genome	2023-04-16	
GCA_021233235.1	ASM2123323v1	Bacillus subtilis		SR-7					NCBI Prokaryotic Genome Annotation Pipeline (PGAP)	3593163	Complete Genome	2021-12-20	
GCF_021233235.1	ASM2123323v1	Bacillus subtilis		SR-7					NCBI Prokaryotic Genome Annotation Pipeline (PGAP)	3593163	Complete Genome	2021-12-20	
GCA_028541385.1	ASM2854138v1	Bacillus subtilis subsp. subtilis		MGP016						3523337	Complete Genome	2023-02-07	
GCF_028541385.1	ASM2854138v1	Bacillus subtilis subsp. subtilis		MGP016					NCBI Prokaryotic Genome Annotation Pipeline (PGAP)	3523337	Complete Genome	2023-02-07	
GCA_028541125.1	ASM2854112v1	Bacillus subtilis subsp. subtilis		MGP022						3468246	Complete Genome	2023-02-07	
GCF_028541125.1	ASM2854112v1	Bacillus subtilis subsp. subtilis		MGP022					NCBI Prokaryotic Genome Annotation Pipeline (PGAP)	3468246	Complete Genome	2023-02-07	
GCA_028540525.1	ASM2854052v1	Bacillus subtilis subsp. subtilis		MGP027						3412542	Complete Genome	2023-02-07	
GCF_028540525.1	ASM2854052v1	Bacillus subtilis subsp. subtilis		MGP027					NCBI Prokaryotic Genome Annotation Pipeline (PGAP)	3412542	Complete Genome	2023-02-07	
GCA_028541345.1	ASM2854134v1	Bacillus subtilis subsp. subtilis		MGP029						3367150	Complete Genome	2023-02-07	
GCF_028541345.1	ASM2854134v1	Bacillus subtilis subsp. subtilis		MGP029					NCBI Prokaryotic Genome Annotation Pipeline (PGAP)	3367150	Complete Genome	2023-02-07	
GCA_028541365.1	ASM2854136v1	Bacillus subtilis subsp. subtilis		MGP033						3323722	Complete Genome	2023-02-07	
GCF_028541365.1	ASM2854136v1	Bacillus subtilis subsp. subtilis		MGP033					NCBI Prokaryotic Genome Annotation Pipeline (PGAP)	3323722	Complete Genome	2023-02-07	